id,round_id
1,1
2,1
3,1
4,1
5,1
6,1
7,1
8,1
9,1
10,1
11,1
12,1
13,1
14,1
15,1
16,1
17,1
18,1
19,1
20,1
21,1
22,1
23,1
24,1
25,1
26,1
27,1
28,1
29,1
30,1
31,1
32,1
33,2
34,2
35,2
36,2
37,2
38,2
39,2
40,2
41,2
42,2
43,2
44,2
45,2
46,2
47,2
48,2
49,3
50,3
51,3
52,3
53,3
54,3
55,3
56,3
57,4
58,4
59,4
60,4
61,5
62,5
63,6
